attribute,order,Your Brand,Competitor A,Competitor B,Competitor C
The company is efficient in solving my business problems,20,0.735900963,0.671251719,0.660247593,0.645116919
Demonstrates return on investment,19,0.74002751,0.63823934,0.636863824,0.646492435
Has depth and range of solutions I need for my organization,18,0.734525447,0.656121045,0.656121045,0.64786795
The company's solution is easily accessible on any device,17,0.751031637,0.672627235,0.653370014,0.651994498
Has a flexible pricing structure that meets my organization's business objectives,16,0.753782669,0.624484182,0.64786795,0.62173315
Has good customer service and support,15,0.7565337,0.645116919,0.651994498,0.649243466
User experience is engaging,14,0.764786795,0.649243466,0.658872077,0.661623109
Proactively communicates with me and my team,13,0.753782669,0.646492435,0.676753783,0.656121045
Understands my unique business needs and customizes their approach to fit my organization,12,0.731774415,0.635488308,0.661623109,0.639614856
Provides technology that is secure and reliable,11,0.764786795,0.669876204,0.649243466,0.640990371
Is a brand that is financially strong,10,0.755158184,0.65474553,0.685006878,0.64786795
Partners with me for the benefit of my company,9,0.746905089,0.653370014,0.642365887,0.631361761
Is a thought leader that helps me push my business forward to the next level,8,0.742778542,0.628610729,0.627235213,0.650618982
Is a brand with a great reputation,7,0.771664374,0.669876204,0.682255846,0.694635488
Responds quickly to questions and requests,6,0.755158184,0.632737276,0.660247593,0.631361761
Provides quality analytical tools to assess performance of the solution,5,0.74002751,0.665749656,0.661623109,0.669876204
Is the leading brand in the market,4,0.751031637,0.63823934,0.657496561,0.65474553
Has up-to-date and relevant learning content,3,0.774415406,0.665749656,0.658872077,0.657496561
Has a depth of experience with companies like mine,2,0.770288858,0.678129298,0.657496561,0.646492435
Is known for strong and capable management,1,0.74002751,0.687757909,0.679504814,0.636863824
Improves employee performance,0,0.752407153,0.656121045,0.665749656,0.65474553
